{"cameraMode":{"drawMode":0,"name":"Shaded","section":"Shading Mode"},"sceneLighting":true,"audioPlay":false,"sceneViewState":{"showFog":true,"showMaterialUpdate":false,"showSkybox":true,"showFlares":true,"showImageEffects":true,"showParticleSystems":true},"in2DMode":false,"pivot":{"x":-0.047846365720033649,"y":-999.911376953125,"z":2.2078697681427},"rotation":{"x":0.03718095272779465,"y":0.006592526100575924,"z":0.00024531525559723377,"w":-0.9992868900299072},"size":2.613818645477295,"orthographic":false}