{"cameraMode":{"drawMode":0,"name":"Shaded","section":"Shading Mode"},"sceneLighting":true,"audioPlay":false,"sceneViewState":{"showFog":true,"showMaterialUpdate":false,"showSkybox":true,"showFlares":true,"showImageEffects":true,"showParticleSystems":true},"in2DMode":false,"pivot":{"x":0.48353710770606997,"y":-0.7142575979232788,"z":-2.3483569622039797},"rotation":{"x":0.006612313911318779,"y":0.9903475642204285,"z":-0.12877999246120454,"w":0.05085033178329468},"size":10.0,"orthographic":false}