{"cameraMode":{"drawMode":0,"name":"Shaded","section":"Shading Mode"},"sceneLighting":true,"audioPlay":false,"sceneViewState":{"showFog":true,"showMaterialUpdate":false,"showSkybox":true,"showFlares":true,"showImageEffects":true,"showParticleSystems":true},"in2DMode":false,"pivot":{"x":-1.1918331384658814,"y":2.699479341506958,"z":1.539566159248352},"rotation":{"x":0.11291244626045227,"y":0.3607928454875946,"z":0.0440542995929718,"w":-0.9247438311576843},"size":2.04475474357605,"orthographic":false}