{"cameraMode":{"drawMode":0,"name":"Shaded","section":"Shading Mode"},"sceneLighting":false,"audioPlay":false,"sceneViewState":{"showFog":true,"showMaterialUpdate":false,"showSkybox":false,"showFlares":true,"showImageEffects":true,"showParticleSystems":true},"in2DMode":false,"pivot":{"x":574.9747314453125,"y":265.3352966308594,"z":0.1539178490638733},"rotation":{"x":0.08091136813163758,"y":0.0014950815821066499,"z":-0.0001213671566802077,"w":0.9967201352119446},"size":1.682680368423462,"orthographic":false}