{"cameraMode":{"drawMode":0,"name":"Shaded","section":"Shading Mode"},"sceneLighting":true,"audioPlay":false,"sceneViewState":{"showFog":true,"showMaterialUpdate":false,"showSkybox":false,"showFlares":true,"showImageEffects":true,"showParticleSystems":true},"in2DMode":false,"pivot":{"x":0.05598153918981552,"y":28.129514694213868,"z":49.98545837402344},"rotation":{"x":-0.14974400401115418,"y":-0.2700466513633728,"z":0.04255841299891472,"w":-0.9501826167106628},"size":154.75543212890626,"orthographic":false}