{"cameraMode":{"drawMode":0,"name":"Shaded","section":"Shading Mode"},"sceneLighting":true,"audioPlay":false,"sceneViewState":{"showFog":true,"showMaterialUpdate":false,"showSkybox":false,"showFlares":true,"showImageEffects":true,"showParticleSystems":true},"in2DMode":false,"pivot":{"x":-0.6783104538917542,"y":2.9418280124664308,"z":0.7152153253555298},"rotation":{"x":-0.06655237078666687,"y":-0.3968178927898407,"z":-0.028855541720986368,"w":0.9150364398956299},"size":2.2130379676818849,"orthographic":false}