{"cameraMode":{"drawMode":0,"name":"Shaded","section":"Shading Mode"},"sceneLighting":true,"audioPlay":false,"sceneViewState":{"showFog":true,"showMaterialUpdate":false,"showSkybox":true,"showFlares":true,"showImageEffects":true,"showParticleSystems":true},"in2DMode":false,"pivot":{"x":513.1192626953125,"y":5.787293910980225,"z":511.558837890625},"rotation":{"x":0.029582887887954713,"y":-0.7366770505905151,"z":0.032294370234012607,"w":0.6748259663581848},"size":3.868713617324829,"orthographic":false}