{"cameraMode":{"drawMode":0,"name":"Shaded","section":"Shading Mode"},"sceneLighting":true,"audioPlay":false,"sceneViewState":{"showFog":true,"showMaterialUpdate":false,"showSkybox":true,"showFlares":true,"showImageEffects":true,"showParticleSystems":true},"in2DMode":false,"pivot":{"x":507.08697509765627,"y":35.7180290222168,"z":514.9710083007813},"rotation":{"x":-0.08834116905927658,"y":-0.7680396437644959,"z":0.10853395611047745,"w":-0.6249903440475464},"size":0.26879239082336428,"orthographic":false}