{"cameraMode":{"drawMode":0,"name":"Shaded","section":"Shading Mode"},"sceneLighting":true,"audioPlay":false,"sceneViewState":{"showFog":true,"showMaterialUpdate":false,"showSkybox":false,"showFlares":true,"showImageEffects":true,"showParticleSystems":true},"in2DMode":false,"pivot":{"x":0.35924357175827029,"y":2.071234941482544,"z":2.5124452114105226},"rotation":{"x":-0.0042349547147750858,"y":0.9869853258132935,"z":-0.15858031809329987,"w":-0.02635788731276989},"size":3.973691701889038,"orthographic":false}