{"cameraMode":{"drawMode":0,"name":"Shaded","section":"Shading Mode"},"sceneLighting":true,"audioPlay":false,"sceneViewState":{"showFog":true,"showMaterialUpdate":false,"showSkybox":false,"showFlares":true,"showImageEffects":true,"showParticleSystems":true},"in2DMode":false,"pivot":{"x":1.7763557434082032,"y":2.9473319053649904,"z":3.73490047454834},"rotation":{"x":0.09766685962677002,"y":-0.8730992674827576,"z":0.19570055603981019,"w":0.43573272228240969},"size":3.194671392440796,"orthographic":false}