{"cameraMode":{"drawMode":0,"name":"Shaded","section":"Shading Mode"},"sceneLighting":true,"audioPlay":false,"sceneViewState":{"showFog":true,"showMaterialUpdate":false,"showSkybox":false,"showFlares":true,"showImageEffects":true,"showParticleSystems":true},"in2DMode":false,"pivot":{"x":67.53463745117188,"y":-44.151119232177737,"z":1.6960355043411255},"rotation":{"x":-0.21074838936328889,"y":-0.6685476303100586,"z":0.20635531842708589,"w":-0.6827169060707092},"size":83.94747161865235,"orthographic":false}