{"cameraMode":{"drawMode":0,"name":"Shaded","section":"Shading Mode"},"sceneLighting":false,"audioPlay":false,"sceneViewState":{"showFog":true,"showMaterialUpdate":false,"showSkybox":false,"showFlares":true,"showImageEffects":true,"showParticleSystems":true},"in2DMode":false,"pivot":{"x":-1.7790000438690186,"y":0.19900012016296388,"z":0.6370000243186951},"rotation":{"x":-0.06637708097696305,"y":-0.6987358331680298,"z":0.0653877928853035,"w":-0.709289014339447},"size":22.0,"orthographic":false}