{"cameraMode":{"drawMode":0,"name":"Shaded","section":"Shading Mode"},"sceneLighting":false,"audioPlay":false,"sceneViewState":{"showFog":true,"showMaterialUpdate":false,"showSkybox":false,"showFlares":true,"showImageEffects":true,"showParticleSystems":true},"in2DMode":false,"pivot":{"x":1.262852430343628,"y":0.4785206615924835,"z":0.11844780296087265},"rotation":{"x":0.15704940259456635,"y":-0.670654833316803,"z":0.14842987060546876,"w":0.7096007466316223},"size":0.1279911994934082,"orthographic":false}