{"cameraMode":{"drawMode":0,"name":"Shaded","section":"Shading Mode"},"sceneLighting":true,"audioPlay":false,"sceneViewState":{"showFog":true,"showMaterialUpdate":false,"showSkybox":true,"showFlares":true,"showImageEffects":true,"showParticleSystems":true},"in2DMode":false,"pivot":{"x":0.01100015640258789,"y":2.625,"z":1.189000129699707},"rotation":{"x":0.1354599893093109,"y":-0.0175213273614645,"z":0.002393288305029273,"w":0.9906307458877564},"size":405.904541015625,"orthographic":false}