{"cameraMode":{"drawMode":0,"name":"Shaded","section":"Shading Mode"},"sceneLighting":false,"audioPlay":false,"sceneViewState":{"showFog":true,"showMaterialUpdate":false,"showSkybox":false,"showFlares":true,"showImageEffects":true,"showParticleSystems":true},"in2DMode":false,"pivot":{"x":-0.7118841409683228,"y":-2.78804874420166,"z":1.7384639978408814},"rotation":{"x":-0.41029223799705508,"y":-0.4408809244632721,"z":0.2373233139514923,"w":-0.7622125744819641},"size":9.240038871765137,"orthographic":false}