{"cameraMode":{"drawMode":0,"name":"Shaded","section":"Shading Mode"},"sceneLighting":false,"audioPlay":false,"sceneViewState":{"showFog":true,"showMaterialUpdate":false,"showSkybox":false,"showFlares":true,"showImageEffects":true,"showParticleSystems":true},"in2DMode":false,"pivot":{"x":516.2521362304688,"y":35.385623931884769,"z":513.5979614257813},"rotation":{"x":0.11838172376155853,"y":-0.7033836245536804,"z":0.12060356885194779,"w":0.6904333233833313},"size":1.672065258026123,"orthographic":false}