{"cameraMode":{"drawMode":0,"name":"Shaded","section":"Shading Mode"},"sceneLighting":true,"audioPlay":false,"sceneViewState":{"showFog":true,"showMaterialUpdate":false,"showSkybox":true,"showFlares":true,"showImageEffects":true,"showParticleSystems":true},"in2DMode":false,"pivot":{"x":-0.24319961667060853,"y":2.581824779510498,"z":0.6202777028083801},"rotation":{"x":0.012023051269352436,"y":-0.21400895714759828,"z":0.002640028716996312,"w":0.9767706394195557},"size":4.9608235359191898,"orthographic":false}