{"cameraMode":{"drawMode":0,"name":"Shaded","section":"Shading Mode"},"sceneLighting":false,"audioPlay":false,"sceneViewState":{"showFog":true,"showMaterialUpdate":false,"showSkybox":false,"showFlares":true,"showImageEffects":true,"showParticleSystems":true},"in2DMode":false,"pivot":{"x":-0.05865846574306488,"y":-0.3536198139190674,"z":-0.10001040995121002},"rotation":{"x":0.16789762675762177,"y":0.6146975755691528,"z":-0.1360396295785904,"w":0.7585955858230591},"size":2.8578836917877199,"orthographic":false}