{"cameraMode":{"drawMode":0,"name":"Shaded","section":"Shading Mode"},"sceneLighting":false,"audioPlay":false,"sceneViewState":{"showFog":true,"showMaterialUpdate":false,"showSkybox":false,"showFlares":true,"showImageEffects":true,"showParticleSystems":true},"in2DMode":false,"pivot":{"x":-0.058658406138420108,"y":-0.3536198139190674,"z":-0.10001051425933838},"rotation":{"x":-0.04344908148050308,"y":-0.1264486014842987,"z":0.0055060177110135559,"w":-0.9910401105880737},"size":4.041658401489258,"orthographic":false}