{"cameraMode":{"drawMode":0,"name":"Shaded","section":"Shading Mode"},"sceneLighting":true,"audioPlay":false,"sceneViewState":{"showFog":true,"showMaterialUpdate":false,"showSkybox":true,"showFlares":true,"showImageEffects":true,"showParticleSystems":true},"in2DMode":false,"pivot":{"x":0.07976070046424866,"y":0.021627778187394143,"z":-0.2754417955875397},"rotation":{"x":0.18462230265140534,"y":-0.1465051919221878,"z":0.027877913787961007,"w":0.9714714884757996},"size":27.664974212646486,"orthographic":false}