{"cameraMode":{"drawMode":0,"name":"Shaded","section":"Shading Mode"},"sceneLighting":true,"audioPlay":false,"sceneViewState":{"showFog":true,"showMaterialUpdate":false,"showSkybox":false,"showFlares":true,"showImageEffects":true,"showParticleSystems":true},"in2DMode":false,"pivot":{"x":0.24864435195922852,"y":1.6911358833312989,"z":1.063840389251709},"rotation":{"x":0.11486893892288208,"y":-0.0800803154706955,"z":0.00929015688598156,"w":0.990109384059906},"size":3.078601360321045,"orthographic":false}